ID;Title;URL;Actual Price;Old Price;Base Price;Courier Price;Subscribe Price;Single Item Pack Discount Price;Whole Pack Discount Price;Whole Pack Without Discount Price;Brand
117425;Adult Grain Free Сухой корм беззерновой для взрослых собак, с ягненком, 3 кг;https://old.4lapy.ru/catalog/sobaki/korm-sobaki/sukhoy-korm-sobaki/ownat-gf-just-korm-suhoy-dlya-vzroslyh-sobak-s-yagnenkom-14-kg.html;2729;0;0;0;0;0;0;0;Ownat
155309;Grain Free Hypoallergenic Корм сухой гипоаллергенный для собак с лососем, 3 кг;https://old.4lapy.ru/catalog/sobaki/korm-sobaki/sukhoy-korm-sobaki/gf-hypo-korm-suhoy-gipoallergennyy-dlya-sobak-s-lososem-3-kg.html;4329;0;0;0;0;0;0;0;Ownat
151181;Mini Grain Free Сухой корм беззерновой для собак мелких пород, с ягненком, 400 гр.;https://old.4lapy.ru/catalog/sobaki/korm-sobaki/sukhoy-korm-sobaki/prime-korm-dlya-sobak-melkih-porod-bezzernovoy-s-yagnenkom.html;695;0;0;0;0;0;0;0;Ownat
112537;Сухой корм для взрослых собак мелких пород, ягненок с индейкой, 1 кг;https://old.4lapy.ru/catalog/sobaki/korm-sobaki/sukhoy-korm-sobaki/suhoy-korm-grandorf-dlya-vzroslyh-sobak-melkih-porod-yagnenok-s-risom-1kg.html;1599;0;0;0;0;0;0;0;Grandorf
135841;Hypoallergenic Гипоаллергенный сухой корм для собак всех пород, ягненок, 2,7 кг;https://old.4lapy.ru/catalog/sobaki/korm-sobaki/sukhoy-korm-sobaki/gipoallergennyy-suhoy-korm-dlya-sobak-vseh-porod-yagnenok-11-2kg.html;4299;0;0;0;0;0;0;0;Grandin
112549;Сухой корм для взрослых собак мелких пород, четыре вида мяса, 1 кг;https://old.4lapy.ru/catalog/sobaki/korm-sobaki/sukhoy-korm-sobaki/suhoy-korm-grandorf-dlya-vzroslyh-sobak-melkih-porod-chetyre-vida-myasa-s-burym-risom-1kg.html;1735;0;0;0;0;0;0;0;Grandorf
112546;Сухой корм для взрослых собак средних и крупных пород, кролик с индейкой, 1 кг;https://old.4lapy.ru/catalog/sobaki/korm-sobaki/sukhoy-korm-sobaki/suhoy-korm-grandorf-dlya-vzroslyh-sobak-vseh-porod-krolik-s-kartofelem-1kg.html;1735;0;0;0;0;0;0;0;Grandorf
42416;Mini Puppy Сухой корм для щенков мелких пород в возрасте от 2 до 10 месяцев, 800 гр.;https://old.4lapy.ru/catalog/sobaki/korm-sobaki/sukhoy-korm-sobaki/Royal_Canin_Mini_Junior_33_suhoy_korm_dlya_shchenkov_melkih_porod.html;785;0;0;0;0;0;0;0;Royal Canin
140361;Adult Classic Сухой корм для собак, с уткой, 4 кг;https://old.4lapy.ru/catalog/sobaki/korm-sobaki/sukhoy-korm-sobaki/ownat-classic-korm-sukhoy-dlya-sobak-s-utkoy.html;2379;0;0;0;0;0;0;0;Ownat
42418;Mini Adult Сухой корм для взрослых собак мелких размеров в возрасте от 10 месяцев до 8 лет, 800 гр.;https://old.4lapy.ru/catalog/sobaki/korm-sobaki/sukhoy-korm-sobaki/Royal_Canin_Mini_Adult_27_suhoy_korm_dlya_sobak_melkih_porodr.html;675;0;0;0;0;0;0;0;Royal Canin
124638;Adult Grain Free Сухой корм для взрослых собак, с уткой, 3 кг;https://old.4lapy.ru/catalog/sobaki/korm-sobaki/sukhoy-korm-sobaki/ownat-gf-just-korm-suhoy-dlya-vzroslyh-sobak-s-utkoy-14-kg.html;2859;0;0;0;0;0;0;0;Ownat
48996;Sensitive Digestion Сухой корм для взрослых собак для мелких и карликовых пород с чувствительным пищеварением, с высоким содержанием ягненка, 700 гр.;https://old.4lapy.ru/catalog/sobaki/korm-sobaki/sukhoy-korm-sobaki/Pro_Plan_suhoy_korm_dlya_sobak_melkih_i_karlikovyh_porod_s_chuvstvit_pishchevaren_yagnenokg.html;679;0;0;0;0;0;0;0;PRO PLAN®
163800;Сухой корм полнорационный для взрослых собак всех пород с чувствительным пищеварением, индейка и рис, 3 кг;https://old.4lapy.ru/catalog/sobaki/korm-sobaki/sukhoy-korm-sobaki/korm-suhoy-polnoracionnyy-dlya-vzroslyh-sobak-vseh-porod-s-chuvstvitelnym-pishchevareniem-indeyka-i-ris-3-kg1.html;1699;0;0;0;0;0;0;0;Aвва
147001;Regional Ocean Сухой корм для собак, с лососем и треской, 2 кг;https://old.4lapy.ru/catalog/sobaki/korm-sobaki/sukhoy-korm-sobaki/regional-ocean-korm-suhoy-dlya-sobak.html;1949;0;0;0;0;0;0;0;Dog & Dog Wild
113399;Medium Sterilized Ultra Сухой корм для стерилизованных собак средних пород, 3 кг;https://old.4lapy.ru/catalog/sobaki/korm-sobaki/sukhoy-korm-sobaki/ownat-ultra-dlya-sterilizovannyh-sobak-srednih-porod-3-kg.html;3359;0;0;0;0;0;0;0;Ownat
154315;Сухой корм на основе свежего мяса для щенков мелких пород, с индейкой, 400 гр.;https://old.4lapy.ru/catalog/sobaki/korm-sobaki/sukhoy-korm-sobaki/sukhoy-korm-na-osnove-svezhego-myasa-dlya-shchenkov-melkikh-porod-s-indeykoy-400g.html;409;0;0;0;0;0;0;0;Aвва
42359;Sensitive Digestion Сухой корм для взрослых собак средних пород с чувствительным пищеварением, с ягненком, 1,5 кг;https://old.4lapy.ru/catalog/sobaki/korm-sobaki/sukhoy-korm-sobaki/Pro_Plan_Adult_suhoy_korm_dlya_sobak_s_chuvstvitelnym_pishchevareniem_yagnenokris.html;1235;0;0;0;0;0;0;0;PRO PLAN®
112543;Сухой корм для взрослых собак крупных пород, ягненок с индейкой, 3 кг;https://old.4lapy.ru/catalog/sobaki/korm-sobaki/sukhoy-korm-sobaki/suhoy-korm-grandorf-dlya-vzroslyh-sobak-krupnyh-porod-yagnenok-s-risom-3kg.html;3815;0;0;0;0;0;0;0;Grandorf
117414;Natural Ingredients Сухой корм для взрослых собак с ягненком и рисом, 3 кг;https://old.4lapy.ru/catalog/sobaki/korm-sobaki/sukhoy-korm-sobaki/avva-korm-dlya-vzroslyh-sobak-s-yagnenkom-i-risom-mesh-12kg.html;1614;0;0;0;0;0;0;0;Aвва
42428;X-Small Puppy Сухой корм для щенков миниатюрных пород в возрасте от 2 до 10 месяцев, 500 гр.;https://old.4lapy.ru/catalog/sobaki/korm-sobaki/sukhoy-korm-sobaki/Royal_Caninmall_korm_suhoy_korm_dlya_shchenkov_ot_2_do_10_mes.html;537;0;0;0;0;0;0;0;Royal Canin
146998;Natural Instinct Сухой корм для щенков, с лососем и уткой, 2 кг;https://old.4lapy.ru/catalog/sobaki/korm-sobaki/sukhoy-korm-sobaki/natural-instinct-korm-suhoy-dlya-shchenkov.html;1899;0;0;0;0;0;0;0;Dog & Dog Wild
140809;Holistic Сухой корм для собак средних и крупных пород, с ягненком, 2,7 кг;https://old.4lapy.ru/catalog/sobaki/korm-sobaki/sukhoy-korm-sobaki/holistic-suhoy-korm-dlya-sobak-srednih-i-krupnyh-porod-s-yagnenkom-11-2-kg.html;3499;0;0;0;0;0;0;0;Grandin
42360;Sensitive Digestion Сухой корм для щенков средних пород с чувствительным пищеварением, с ягненком, 1,5 кг;https://old.4lapy.ru/catalog/sobaki/korm-sobaki/sukhoy-korm-sobaki/Pro_Plan_Puppy_suhoy_korm_dlya_shchenkov_s_chuvstvitelnym_pishchevareniem_yagnenok.html;1235;0;0;0;0;0;0;0;PRO PLAN®
117434;Medium Adult Ultra Сухой корм для собак средних пород, с ягненком и рисом, 3 кг;https://old.4lapy.ru/catalog/sobaki/korm-sobaki/sukhoy-korm-sobaki/ownat-ultra-korm-dlya-sobak-srednih-porod-s-yagnenkom-i-risom-pak-3kg.html;3199;0;0;0;0;0;0;0;Ownat
145781;Adult Care Dermatologic Сухой корм для собак всех пород склонных к дерматологической чувствительности, с лососем, 3 кг;https://old.4lapy.ru/catalog/sobaki/korm-sobaki/sukhoy-korm-sobaki/ownat-care-dlya-sobak-vseh-porod-dermatologic-s-lososem-pak-3kg.html;3459;0;0;0;0;0;0;0;Ownat
173442;Holistic Adult Medium & Maxi Сухой корм для собак средних и крупных пород, с ягненком и индейкой, 1 кг;https://old.4lapy.ru/catalog/sobaki/korm-sobaki/sukhoy-korm-sobaki/suhoy-korm-grandorf-dlya-vzroslyh-sobak-vseh-porod-yagnenok-s-risom-3kg.html;1599;0;0;0;0;0;0;0;Grandorf
79898;Maxi Puppy Сухой корм для щенков крупных пород в возрасте от 2 до 15 месяцев, 3 кг;https://old.4lapy.ru/catalog/sobaki/korm-sobaki/sukhoy-korm-sobaki/Royal_Canin_Maxi_Junior_32_korm_suhoy_korm_dlya_shchenkov_krupnyh_porod_do_15_mesyatsev.html;2457;0;0;0;0;0;0;0;Royal Canin
137914;Premium Dog Sensitive Корм для взрослых собак всех пород с чувствительным пищеварением, с ягненком и индейкой, 1 кг;https://old.4lapy.ru/catalog/sobaki/korm-sobaki/sukhoy-korm-sobaki/korm-suhoy-dlya-vzroslyh-sobak-vseh-porod-chuvstvitelnoe-pishchevarenie-yagnenok-indeyka.html;639;0;0;0;0;0;0;0;Brit
151187;Mini Adult Ultra Сухой корм для собак мелких пород, с курицей и индейкой, 400 гр.;https://old.4lapy.ru/catalog/sobaki/korm-sobaki/sukhoy-korm-sobaki/ultra-korm-dlya-sobak-melkih-porod-s-kuricey-i-indeykoy.html;559;0;0;0;0;0;0;0;Ownat
46867;Sensitive Skin Сухой корм для взрослых собак мелких и карликовых пород с чувствительной кожей, с высоким содержанием лосося, 700 гр.;https://old.4lapy.ru/catalog/sobaki/korm-sobaki/sukhoy-korm-sobaki/Pro_Plan_Adultall_suhoy_korm_dlya_sobak_melkih_porod_s_chuvstvitelnoy_kogeyososris.html;719;0;0;0;0;0;0;0;PRO PLAN®
113395;Adult Grain Free Сухой корм для взрослых собак, с курицей, 3 кг;https://old.4lapy.ru/catalog/sobaki/korm-sobaki/sukhoy-korm-sobaki/ownat-gf-just-s-kuricey-dlya-vzroslyh-sobak-3-kg.html;2629;0;0;0;0;0;0;0;Ownat
151185;Mini Junior Ultra Корм сухой для щенков мелких пород, с курицей и индейкой, 400 гр.;https://old.4lapy.ru/catalog/sobaki/korm-sobaki/sukhoy-korm-sobaki/ultra-korm-dlya-shchenkov-melkih-porod-s-kuricey-i-indeykoy.html;559;0;0;0;0;0;0;0;Ownat
117429;Maxi Adult Ultra Сухой корм для собак крупных пород, с курицей и индейкой, 3 кг;https://old.4lapy.ru/catalog/sobaki/korm-sobaki/sukhoy-korm-sobaki/ownat-ultra-korm-dlya-sobak-krupnyh-porod-s-kuricey-i-indeykoy-pak-3kg.html;2999;0;0;0;0;0;0;0;Ownat
163788;Grain Free Сухой корм беззерновой для взрослых собак всех пород, с ягнёнком и картофелем, 3 кг;https://old.4lapy.ru/catalog/sobaki/korm-sobaki/sukhoy-korm-sobaki/korm-suhoy-bezzernovoy-na-osnove-svezhego-myasa-dlya-vzroslyh-sobak-vsehporod-s-yagnenkom-i-kartofelem-3-kg.html;1719;0;0;0;0;0;0;0;Aвва
49399;X-Small Adult Сухой корм для миниатюрных собак от 10 месяцев до 8 лет, 500 гр.;https://old.4lapy.ru/catalog/sobaki/korm-sobaki/sukhoy-korm-sobaki/Royal_Caninmall_Adult_korm_suhoy_dlya_vzroslyh_sobak_vesom_do.html;495;0;0;0;0;0;0;0;Royal Canin
154317;Сухой корм на основе свежего мяса для взрослых собак мелких пород, с ягненком, 400 гр.;https://old.4lapy.ru/catalog/sobaki/korm-sobaki/sukhoy-korm-sobaki/sukhoy-korm-na-osnove-svezhego-myasa-dlya-vzroslykh-sobak-melkikh-porod-s-yagnenkom-400g.html;409;0;0;0;0;0;0;0;Aвва
84191;Medium Adult Сухой корм для собак средних размеров в возрасте от 12 месяцев до 7 лет, 3 кг;https://old.4lapy.ru/catalog/sobaki/korm-sobaki/sukhoy-korm-sobaki/Royal_Canin_Medium_Adult_suhoy_korm_dlya_sobak_srednih_porod_ves_vzrosloy_osobi_ot_11_kg_do_25.html;2089;0;0;0;0;0;0;0;Royal Canin
145778;Adult Care digestive Сухой корм для собак всех пород с чувствительным пищеварением, с курицей, 3 кг;https://old.4lapy.ru/catalog/sobaki/korm-sobaki/sukhoy-korm-sobaki/ownat-care-korm-dlya-sobak-vseh-porod-digestive-s-kuricey-pak-3kg.html;3175;0;0;0;0;0;0;0;Ownat
173458;Holistic Adult Medium & Maxi Сухой корм для собак средних и крупных пород, 4 вида мяса с пробиотиками, 1 кг;https://old.4lapy.ru/catalog/sobaki/korm-sobaki/sukhoy-korm-sobaki/korm-suhoy-dlya-sobak-srednih-i-krupnyh-porod-4-vida-myasa-s-probiotikami-1-kg.html;1735;0;0;0;0;0;0;0;Grandorf
148087;Premium Adult Сухой корм для собак всех пород, ягненок и рис, 2 кг;https://old.4lapy.ru/catalog/sobaki/korm-sobaki/sukhoy-korm-sobaki/avva-premium-suh-2kg-dlya-sobak-vseh-porod-yagnenok-i-ris.html;1269;0;0;0;0;0;0;0;Aвва
82143;All Breeds Hypoallergenic корм для взрослых собак, склонных к аллергическим реакциям и расстройствам пищеварения, с лососем и тунцом, 12 кг;https://old.4lapy.ru/catalog/sobaki/korm-sobaki/sukhoy-korm-sobaki/monge-dog-speciality-hypoallergenic-korm-dlya-sobak-gipoallergennyy-losos1.html;10707;0;0;0;0;0;0;0;Monge
173440;Holistic Adult Mini Сухой корм для собак мелких пород, с индейкой, 1 кг;https://old.4lapy.ru/catalog/sobaki/korm-sobaki/sukhoy-korm-sobaki/korm-suhoy-dlya-sobak-melkih-porod-s-indeykoy-1-kg.html;1599;0;0;0;0;0;0;0;Grandorf
169242;Adult Monoprotein Сухой корм для собак средних и крупных пород, белая рыба, 2 кг;https://old.4lapy.ru/catalog/sobaki/korm-sobaki/sukhoy-korm-sobaki/korm-suhoy-dlya-sobak-srednih-i-krupnyh-porod-belaya-ryba.html;1849;0;0;0;0;0;0;0;AlphaPet
156030;Премиум Сухой корм для собак с чувствительным пищеварением, лосось и индейка, 1 кг;https://old.4lapy.ru/catalog/sobaki/korm-sobaki/sukhoy-korm-sobaki/premium-suhoy-korm-dlya-sobak-s-chuvstvitelnym-pishchevareniem-losos-i-indeyka-1kg.html;639;0;0;0;0;0;0;0;Brit
169458;Adult Сухой корм для собак всех пород, с ягненком и рисом, 3 кг;https://old.4lapy.ru/catalog/sobaki/korm-sobaki/sukhoy-korm-sobaki/korm-dlya-sobak-vseh-porod-yagnenok-i-ris-3kg.html;1599;0;0;0;0;0;0;0;Aвва
151183;Prime Mini Корм сухой беззерновой для собак мелких пород, с курицей и индейкой, 400 гр.;https://old.4lapy.ru/catalog/sobaki/korm-sobaki/sukhoy-korm-sobaki/gf-prime-korm-suhoy-dlya-sobak-melkih-porod-s-kuricey-i-indeykoy.html;679;0;0;0;0;0;0;0;Ownat
86933;Maxi Adult 26 Сухой корм для собак крупных размеров в возрасте от 15 месяцев до 5 лет, 3 кг;https://old.4lapy.ru/catalog/sobaki/korm-sobaki/sukhoy-korm-sobaki/Royal_Canin_Maxi_Adult_26_suhoy_korm_dlya_sobak_krupnyh_porod.html;2335;0;0;0;0;0;0;0;Royal Canin
42403;Chihuahua Adult Сухой корм для собак породы чихуахуа старше 8 месяцев, 500 гр.;https://old.4lapy.ru/catalog/sobaki/korm-sobaki/sukhoy-korm-sobaki/Royal_Canin_28_Adult_suhoy_korm_dlya_sobak_porody_CHihuahua.html;577;0;0;0;0;0;0;0;Royal Canin
46864;Healthy Start Сухой корм для щенков мелких и карликовых пород, с высоким содержанием курицы, 700 гр.;https://old.4lapy.ru/catalog/sobaki/korm-sobaki/sukhoy-korm-sobaki/Pro_Plan_Puppyall_suhoy_korm_dlya_shchenkov_melkih_porod_kuritsa_i_ris.html;679;0;0;0;0;0;0;0;PRO PLAN®
110711;Pomeranian Сухой корм для собак породы померанский шпиц, 500 гр.;https://old.4lapy.ru/catalog/sobaki/korm-sobaki/sukhoy-korm-sobaki/korm-suhoy-dlya-sobak-pomeranskiy-shpic.html;577;0;0;0;0;0;0;0;Royal Canin
147007;Regional Farm Сухой корм для собак, с курицей, уткой и кроликом, 2 кг;https://old.4lapy.ru/catalog/sobaki/korm-sobaki/sukhoy-korm-sobaki/regional-farm-korm-suhoy-dlya-sobak.html;1899;0;0;0;0;0;0;0;Dog & Dog Wild
173437;Holistic Junior Medium & Maxi Сухой корм для юниоров всех пород, ягненок с индейкой, 1 кг;https://old.4lapy.ru/catalog/sobaki/korm-sobaki/sukhoy-korm-sobaki/suhoy-korm-grandorf-dlya-yuniorov-vseh-porod-yagnenok-s-risom-3kg.html;1599;0;0;0;0;0;0;0;Grandorf
42414;Mother and Babydog Mini Starter Сухой корм для беременных, кормящих собак мелких пород и для щенков до 2 месяцев, 1 кг;https://old.4lapy.ru/catalog/sobaki/korm-sobaki/sukhoy-korm-sobaki/Royal_Canin_Mini_Starter_korm_suhoy_korm_dlya_shchenkov_melkih_porod_do_2h_mesyatsev.html;1085;0;0;0;0;0;0;0;Royal Canin
146260;Сухой корм для собак крупных пород с говядиной, 3 кг;https://old.4lapy.ru/catalog/sobaki/korm-sobaki/sukhoy-korm-sobaki/korm-suhoy-dlya-sobak-krupnyh-porod-s-govyadinoy.html;2395;0;0;0;0;0;0;0;AlphaPet
42400;Yorkshire Terrier Adult Сухой корм для собак породы йоркширский терьер старше 10 месяцев, 500 гр.;https://old.4lapy.ru/catalog/sobaki/korm-sobaki/sukhoy-korm-sobaki/Royal_Canin_28_Adult_suhoy_korm_dlya_sobak_porody_Yorkshirskiy_terer.html;577;0;0;0;0;0;0;0;Royal Canin
145775;Adult Care mobility Сухой корм для собак всех пород с питательными веществами для поддержки работы суставов, с курицей, 3 кг;https://old.4lapy.ru/catalog/sobaki/korm-sobaki/sukhoy-korm-sobaki/ownat-care-korm-dlya-sobak-vseh-porod-mobility-s-kuricey-pak-3kg.html;3399;0;0;0;0;0;0;0;Ownat
98486;Mini Digestive Care Сухой корм для собак маленьких пород с чувствительным пищеварением, 1 кг;https://old.4lapy.ru/catalog/sobaki/korm-sobaki/sukhoy-korm-sobaki/korm-suhoy-dlya-sobak-mini-porod-daydzhestiv-kea.html;1235;0;0;0;0;0;0;0;Royal Canin
79664;Giant Puppy 34 Сухой корм для щенков гигантских пород в возрасте от 2 до 8 месяцев, 3,5 кг;https://old.4lapy.ru/catalog/sobaki/korm-sobaki/sukhoy-korm-sobaki/giant-puppy-korm-korm-suhoy-dlya-shchenkov-ochen-krupnyh-porod1.html;2469;0;0;0;0;0;0;0;Royal Canin
146253;Сухой корм для щенков мини пород с ягненком и индейкой, 500 г;https://old.4lapy.ru/catalog/sobaki/korm-sobaki/sukhoy-korm-sobaki/korm-suhoy-dlya-shchenkov-mini-porod-s-yagnenkom-i-indeykoy.html;589;0;0;0;0;0;0;0;AlphaPet
146255;Сухой корм для собак мини пород с ягненком и рисом, 500 г;https://old.4lapy.ru/catalog/sobaki/korm-sobaki/sukhoy-korm-sobaki/korm-suhoy-dlya-sobak-mini-porod-s-yagnenkom-i-risom1.html;553;0;0;0;0;0;0;0;AlphaPet
173451;Holistic Adult Medium & Maxi Сухой корм для собак средних и крупных пород, с белой рыбой, 10 кг;https://old.4lapy.ru/catalog/sobaki/korm-sobaki/sukhoy-korm-sobaki/korm-suhoy-dlya-sobak-srednih-i-krupnyh-porod-s-beloy-ryboy-10-kg.html;9825;0;0;0;0;0;0;0;Grandorf
163796;Fresh Meat Сухой корм для взрослых собак всех пород, с ягненком и рисом, 3 кг;https://old.4lapy.ru/catalog/sobaki/korm-sobaki/sukhoy-korm-sobaki/korm-suhoy-na-osnove-svezhego-myasa-dlya-vzroslyh-sobak-vseh-porod-s-yagnenkom-i-risom-3-kg.html;1779;0;0;0;0;0;0;0;Aвва
154321;Senior Сухой корм на основе свежего мяса для собак мелких пород, с индейкой, 400 гр.;https://old.4lapy.ru/catalog/sobaki/korm-sobaki/sukhoy-korm-sobaki/sukhoy-korm-na-osnove-svezhego-myasa-dlya-sobak-senor-melkikh-porod-s-indeykoy-400g.html;409;0;0;0;0;0;0;0;Aвва
98494;Mini Sterilised Сухой корм для стерилизованных собак маленьких пород, 3 кг;https://old.4lapy.ru/catalog/sobaki/korm-sobaki/sukhoy-korm-sobaki/korm-suhoy-dlya-sobak-melkih-porod-sterilayzd.html;3317;0;0;0;0;0;0;0;Royal Canin
44102;Grain Free Adult Сухой корм для собак всех пород старше 1 года, с ягненком и картофелем, 3 кг;https://old.4lapy.ru/catalog/sobaki/korm-sobaki/sukhoy-korm-sobaki/Avva_Premium_Grain_Free_bezzernovoy_suhoy_korm_dlya_sobak_vseh_porod_yagnenokkartofel.html;1719;0;0;0;0;0;0;0;Aвва
151179;Mini Adult Classic Сухой корм для взрослых собак мелких пород, с курицей, 400 гр.;https://old.4lapy.ru/catalog/sobaki/korm-sobaki/sukhoy-korm-sobaki/classic-korm-dlya-sobak-melkih-porod-s-kuricey.html;439;0;0;0;0;0;0;0;Ownat
146284;Корм сухой для взрослых собак, мясной рацион, 2 кг;https://old.4lapy.ru/catalog/sobaki/korm-sobaki/sukhoy-korm-sobaki/korm-suhoy-dlya-vzroslyh-sobak-myasnoy-racion.html;1025;0;0;0;0;0;0;0;Sirius
148078;Premium Adult Сухой корм для собак мелких пород, индейка, 400 гр.;https://old.4lapy.ru/catalog/sobaki/korm-sobaki/sukhoy-korm-sobaki/avva-premium-suh-400g-dlya-sobak-melkih-porod-indeyka.html;349;0;0;0;0;0;0;0;Aвва
42412;Chihuahua Junior Сухой корм для щенков породы чихуахуа до 8 месяцев, 500 гр.;https://old.4lapy.ru/catalog/sobaki/korm-sobaki/sukhoy-korm-sobaki/Royal_Canin_Chihuahua_Junior_suhoy_korm_dlya_sobak_porody_Chihuahua.html;615;0;0;0;0;0;0;0;Royal Canin
146409;Сухой корм для взрослых собак мелких пород, с ягненком, 400 гр.;https://old.4lapy.ru/catalog/sobaki/korm-sobaki/sukhoy-korm-sobaki/fresh-meat-suhoy-korm-dlya-sobak-melkih-porod-s-yagnenkom-1-5-kg.html;549;0;0;0;0;0;0;0;Grandin
42340;Sensitive Skin Сухой корм для взрослых собак средних пород с чувствительной кожей, с высоким содержанием лосося, 3 кг;https://old.4lapy.ru/catalog/sobaki/korm-sobaki/sukhoy-korm-sobaki/medium-adult-sensitive-skin-korm-dlya-sobak-srednih-porod-s-chuvstvitelnoy-kozhey-s-lososem.html;2593;0;0;0;0;0;0;0;PRO PLAN®
42977;Сухой гипоаллергенный корм для собак всех пород старше 1 года, с ягненком и рисом, 3 кг;https://old.4lapy.ru/catalog/sobaki/korm-sobaki/sukhoy-korm-sobaki/Nasha_Marka_suhoy_korm_dlya_sobak_vseh_sobak_yagnenokris.html;775;0;0;0;0;0;0;0;Наша Марка
163792;Fresh Meat Сухой корм для взрослых собак всех пород, с лососем и рисом, 3 кг;https://old.4lapy.ru/catalog/sobaki/korm-sobaki/sukhoy-korm-sobaki/korm-suhoy-na-osnove-svezhego-myasa-dlya-vzroslyh-sobak-vseh-porod-s-lososem-i-risom-3-kg.html;1729;0;0;0;0;0;0;0;Aвва
154319;Сухой корм на основе свежего мяса для взрослых собак мелких пород, с уткой, 400 гр.;https://old.4lapy.ru/catalog/sobaki/korm-sobaki/sukhoy-korm-sobaki/sukhoy-korm-na-osnove-svezhego-myasa-dlya-vzroslykh-sobak-melkikh-porod-s-utkoy-400g.html;409;0;0;0;0;0;0;0;Aвва
146248;WOW Сухой корм для собак средних пород с ягненком и рисом, 2 кг;https://old.4lapy.ru/catalog/sobaki/korm-sobaki/sukhoy-korm-sobaki/korm-suhoy-dlya-sobak-srednih-porod-s-yagnenkom-i-risom.html;1074;0;0;0;0;0;0;0;AlphaPet
110714;Корм сухой для собак старше 8 лет Йоркширский терьер;https://old.4lapy.ru/catalog/sobaki/korm-sobaki/sukhoy-korm-sobaki/korm-suhoy-dlya-sobak-starshe-8-let-yorkshirskiy-terer.html;639;0;0;0;0;0;0;0;Royal Canin
169482;Сухой корм для собак средних и крупных пород, с курицей, 14,5 кг;https://old.4lapy.ru/catalog/sobaki/korm-sobaki/sukhoy-korm-sobaki/korm-suhoy-dlya-sobak-srednih-i-krupnyh-porod-s-kuricey-14-5kg.html;5781;8259;0;0;0;0;0;0;Perfect Fit
147004;Regional Grassland Сухой корм для собак, с мясом кабана, ягненка и буйвола, 2 кг;https://old.4lapy.ru/catalog/sobaki/korm-sobaki/sukhoy-korm-sobaki/regional-grassland-korm-suhoy-dlya-sobak.html;1999;0;0;0;0;0;0;0;Dog & Dog Wild
169240;Adult Monoprotein Сухой корм для собак мелких пород, белая рыба, 500 гр.;https://old.4lapy.ru/catalog/sobaki/korm-sobaki/sukhoy-korm-sobaki/korm-suhoy-dlya-sobak-melkih-porod-s-beloy-ryboy-1-5kg.html;466;0;0;0;0;0;0;0;AlphaPet
42315;Сухой корм для взрослых собак всех пород, с говядиной, 2,2 кг;https://old.4lapy.ru/catalog/sobaki/korm-sobaki/sukhoy-korm-sobaki/Pedigree_suhoy_korm_dlya_vzroslyh_sobak_vseh_porod_govyadina.html;689;0;0;0;0;0;0;0;Pedigree
117411;Natural Ingredients Сухой корм для взрослых собак крупных пород, с курицей, 3 кг;https://old.4lapy.ru/catalog/sobaki/korm-sobaki/sukhoy-korm-sobaki/avva-korm-dlya-vzroslyh-sobak-krupnyh-porod-s-kuricey-mesh-12kg.html;1749;0;0;0;0;0;0;0;Aвва
164076;Care Sensitive Сухой корм для собак всех пород, с индейкой и ягненком, 1,5 кг;https://old.4lapy.ru/catalog/sobaki/korm-sobaki/sukhoy-korm-sobaki/korm-suhoy-dlya-sobak-vseh-porod-s-indeykoy-i-yagnenkom-1-5kg.html;1499;0;0;0;0;0;0;0;Brit
93841;Sensitive digestion Сухой корм для взрослых собак средних и крупных пород при чувствительном пищеварении, с индейкой, 2,5 кг;https://old.4lapy.ru/catalog/sobaki/korm-sobaki/sukhoy-korm-sobaki/proplan-suh-2-5kg-dlya-sobak-srednih-i-krupnyh-porod-grain-free-sindeykoy.html;2225;0;0;0;0;0;0;0;PRO PLAN®
146699;Mono All Breed сухой корм для собак всех пород с форелью, 2,5 кг;https://old.4lapy.ru/catalog/sobaki/korm-sobaki/sukhoy-korm-sobaki/korm-suhoy-dlya-sobak-vseh-porod-s-forelyu.html;1999;0;0;0;0;0;0;0;UNICA
174168;Fresh Сухой корм для собак мелких пород, с индейкой и бататом, 1 кг;https://old.4lapy.ru/catalog/sobaki/korm-sobaki/sukhoy-korm-sobaki/fresh-korm-suhoy-dlya-sobak-melkih-porod-s-indeykoy-i-batatom-1-kg.html;1735;0;0;0;0;0;0;0;Grandorf
174165;Fresh Сухой корм для собак мелких пород, с ягненком и бататом, 1 кг;https://old.4lapy.ru/catalog/sobaki/korm-sobaki/sukhoy-korm-sobaki/fresh-korm-suhoy-dlya-sobak-melkih-porod-s-yagnenkom-i-batatom-1-kg.html;1735;0;0;0;0;0;0;0;Grandorf
173454;Holistic Adult Medium & Maxi Сухой корм для собак средних и крупных пород, с индейкой и уткой, 1 кг;https://old.4lapy.ru/catalog/sobaki/korm-sobaki/sukhoy-korm-sobaki/korm-suhoy-dlya-sobak-srednih-i-krupnyh-porod-s-indeykoy-i-utkoy-1-kg.html;1735;0;0;0;0;0;0;0;Grandorf
42481;Сухой корм для собак всех пород Мясное изобилие, с овощами и травами, 2,5 кг;https://old.4lapy.ru/catalog/sobaki/korm-sobaki/sukhoy-korm-sobaki/Chappi_suhoy_korm_dlya_sobak_Myasnoe_izobilie.html;545;0;0;0;0;0;0;0;Chappi
42405;Yorkshire Terrier Puppy Сухой корм для щенков породы йоркширский терьер в возрасте до 10 месяцев, 500 гр.;https://old.4lapy.ru/catalog/sobaki/korm-sobaki/sukhoy-korm-sobaki/Royal_Canin_suhoy_korm_dlya_shchenkov_porody_Yorkshirskiy_terer.html;615;0;0;0;0;0;0;0;Royal Canin
164071;Care Adult Сухой корм для собак средних пород, с индейкой, 1,5 кг;https://old.4lapy.ru/catalog/sobaki/korm-sobaki/sukhoy-korm-sobaki/korm-suhoy-dlya-vzroslyh-sobak-srednih-porod-s-indeykoy-1-5kg.html;1499;0;0;0;0;0;0;0;Brit
42482;Сухой корм для собак всех пород, с говядиной по-домашнему, овощами и травами, 2,5 кг;https://old.4lapy.ru/catalog/sobaki/korm-sobaki/sukhoy-korm-sobaki/Chappi_suhoy_korm_dlya_sobak_s_govyadinoy.html;545;0;0;0;0;0;0;0;Chappi
48198;Mini Adult 8+ Сухой корм для малых собак с 8 лет до 12 лет, 2 кг;https://old.4lapy.ru/catalog/sobaki/korm-sobaki/sukhoy-korm-sobaki/Royal_Canin_Mini_Adult_suhoy_korm_dlya_sobak_melkih_porod_starshe_8_let_2_kg_1007856.html;1867;0;0;0;0;0;0;0;Royal Canin
159370;Natura Сухой корм для собак мелких пород, оленина, рис и морковка, 800 гр.;https://old.4lapy.ru/catalog/sobaki/korm-sobaki/sukhoy-korm-sobaki/korm-suhoy-dlya-sobak-melkih-porod-s-olenem-risom-i-morkovyu-800g.html;586;0;0;0;0;0;0;0;Unica Natura
156028;Премиум Cухой корм для собак средних пород, индейка и телятина, 3 кг;https://old.4lapy.ru/catalog/sobaki/korm-sobaki/sukhoy-korm-sobaki/premium-suhoy-korm-dlya-sobak-srednih-porod-indeyka-i-telyatina-3kg.html;1475;0;0;0;0;0;0;0;Brit
173444;Holistic Adult Medium & Maxi Сухой корм для собак средних и крупных пород, с индейкой, 1 кг;https://old.4lapy.ru/catalog/sobaki/korm-sobaki/sukhoy-korm-sobaki/korm-suhoy-dlya-sobak-srednih-i-krupnyh-porod-s-indeykoy-1-kg.html;1599;0;0;0;0;0;0;0;Grandorf
137918;Корм сухой для взрослых собак мелких пород с курицей, 1 кг;https://old.4lapy.ru/catalog/sobaki/korm-sobaki/sukhoy-korm-sobaki/korm-suhoy-dlya-vzroslyh-sobak-melkih-porod-kurica.html;495;0;0;0;0;0;0;0;Brit
174171;Fresh Сухой корм для собак мелких пород, с лососем и бататом, 1 кг;https://old.4lapy.ru/catalog/sobaki/korm-sobaki/sukhoy-korm-sobaki/fresh-korm-suhoy-dlya-sobak-melkih-porod-s-lososem-i-batatom-1-kg.html;1735;0;0;0;0;0;0;0;Grandorf
42367;Opti Digest сухой корм для взрослых собак для крупных пород с атлетическим телосложением при чувствительном пищеварении с ягненком, 3 кг;https://old.4lapy.ru/catalog/sobaki/korm-sobaki/sukhoy-korm-sobaki/Pro_Plan_suhoy_korm_dlya_sobak_krupnyh_porod_s_atleticheskim_teloslogeniem_yagnenok.html;2425;0;0;0;0;0;0;0;PRO PLAN®
146250;Сухой корм для собак мини пород с индейкой и рисом, 500 г;https://old.4lapy.ru/catalog/sobaki/korm-sobaki/sukhoy-korm-sobaki/korm-suhoy-dlya-sobak-mini-porod-s-indeykoy-i-risom1.html;543;0;0;0;0;0;0;0;AlphaPet
42401;Pug Adult Сухой корм для собак породы мопс старше 10 месяцев, 500 гр.;https://old.4lapy.ru/catalog/sobaki/korm-sobaki/sukhoy-korm-sobaki/Royal_Canin_Pug_Adult_suhoy_korm_dlya_sobak_porody_Mops.html;585;0;0;0;0;0;0;0;Royal Canin
146693;Mini сухой корм для собак мелких пород с уткой, рисом и картофелем, 800 гр;https://old.4lapy.ru/catalog/sobaki/korm-sobaki/sukhoy-korm-sobaki/korm-suhoy-dlya-sobak-melkih-porod-s-utkoy-risom-i-kartofelem.html;689;0;0;0;0;0;0;0;UNICA
146279;Корм сухой для взрослых собак, с говядиной и овощами, 2 кг;https://old.4lapy.ru/catalog/sobaki/korm-sobaki/sukhoy-korm-sobaki/korm-suhoy-dlya-vzroslyh-sobak-s-govyadinoy-i-ovoshchami.html;1025;0;0;0;0;0;0;0;Sirius
146413;Maxi сухой корм для собак крупных пород с ягненком, рисом и бобами, 2,5 кг;https://old.4lapy.ru/catalog/sobaki/korm-sobaki/sukhoy-korm-sobaki/korm-suhoy-dlya-sobak-krupnyh-porod-s-yagnenkom-risom-i-bobami.html;1899;0;0;0;0;0;0;0;UNICA
164070;Care Adult Сухой корм для собак средних пород, с лососем и индейкой, 1,5 кг;https://old.4lapy.ru/catalog/sobaki/korm-sobaki/sukhoy-korm-sobaki/korm-suhoy-dlya-sobak-srednih-porod-s-lososem-i-indeykoy-1-5kg.html;1499;0;0;0;0;0;0;0;Brit
148082;Premium Adult Сухой корм для собак мелких пород, ягненок и рис, 400 гр.;https://old.4lapy.ru/catalog/sobaki/korm-sobaki/sukhoy-korm-sobaki/avva-premium-suh-400g-dlya-sobak-melkih-porod-yagnenok-i-ris.html;389;0;0;0;0;0;0;0;Aвва
70238;Medium Adult 7+ корм для собак средних пород от 7 до 10 лет, 4 кг;https://old.4lapy.ru/catalog/sobaki/korm-sobaki/sukhoy-korm-sobaki/korm-suhoy-royal-kanin-dlya-sobak-srednih-porod-starshe-7-let-mesh-15-kg.html;3199;0;0;0;0;0;0;0;Royal Canin
82169;All Breeds Adult корм для взрослых собак всех пород, с лососем и рисом, 12 кг;https://old.4lapy.ru/catalog/sobaki/korm-sobaki/sukhoy-korm-sobaki/monge-dog-speciality-korm-dlya-sobak-vseh-porod-losos-s-risom-12-kg.html;10707;0;0;0;0;0;0;0;Monge
173158;Сухой корм для взрослых собак всех пород, с ягненком,  3 кг;https://old.4lapy.ru/catalog/sobaki/korm-sobaki/sukhoy-korm-sobaki/suhoy-korm-dlya-vzroslyh-sobak-vseh-porod-s-yagnenkom-12-kg.html;2999;0;0;0;0;0;0;0;Grandin
42342;Healthy Start Сухой корм для щенков средних пород, с высоким содержанием курицы, 3 кг;https://old.4lapy.ru/catalog/sobaki/korm-sobaki/sukhoy-korm-sobaki/Pro_Plan_Puppy_suhoy_korm_dlya_shchenkov_srednih_porod_kuritsaris.html;2379;0;0;0;0;0;0;0;PRO PLAN®
45774;Duo Delice Сухой корм с двойной текстурой гранул для взрослых собак мелких и карликовых пород, с высоким содержанием говядины, 700 гр.;https://old.4lapy.ru/catalog/sobaki/korm-sobaki/sukhoy-korm-sobaki/Pro_Plan_Duo_Delice_Adult_suhoy_korm_dlya_sobak_melkih_i_karlikovyh_porod_govyadina.html;679;0;0;0;0;0;0;0;PRO PLAN®
31743;Sensitive Skin Сухой корм для щенков средних пород с чувствительной кожей, с высоким содержанием лосося, 3 кг;https://old.4lapy.ru/catalog/sobaki/korm-sobaki/sukhoy-korm-sobaki/Korm_dlya_shchenkov_srednih_porod_Pappi_Sensetiv_chuvstv_koga_Proplanlososris_up_15kg_1014389.html;2379;0;0;0;0;0;0;0;PRO PLAN®
174174;Fresh Сухой корм для собак мелких пород, с уткой и бататом, 1 кг;https://old.4lapy.ru/catalog/sobaki/korm-sobaki/sukhoy-korm-sobaki/fresh-korm-suhoy-dlya-sobak-melkih-porod-s-utkoy-i-batatom-1-kg.html;1735;0;0;0;0;0;0;0;Grandorf
60866;French Bulldog Puppy корм для щенков породы французский бульдог в возрасте до 12 месяцев, 3 кг;https://old.4lapy.ru/catalog/sobaki/korm-sobaki/sukhoy-korm-sobaki/Korm_dlya_sobak_Royal_Kanin_Frantsuzskiy_Buldog_YUnior.html;2929;0;0;0;0;0;0;0;Royal Canin
139541;Сухой корм для взрослых собак средних пород с курицей, 1 кг;https://old.4lapy.ru/catalog/sobaki/korm-sobaki/sukhoy-korm-sobaki/korm-suhoy-dlya-vzroslyh-sobak-srednih-porod-kurica.html;389;0;0;0;0;0;0;0;Brit
42981;French Bulldog Adult Сухой корм для собак породы французский бульдог с 12 месяцев, 3 кг;https://old.4lapy.ru/catalog/sobaki/korm-sobaki/sukhoy-korm-sobaki/Korm_dlya_sobak_Royal_Kanin_Frantsuzskiy_buldog_Edalt.html;2817;0;0;0;0;0;0;0;Royal Canin
146403;Корм сухой для взрослых собак мелких пород, с курицей, 400 гр.;https://old.4lapy.ru/catalog/sobaki/korm-sobaki/sukhoy-korm-sobaki/fresh-meat-suhoy-korm-dlya-sobak-melkih-porod-s-kuricey-1-5-kg1.html;499;0;0;0;0;0;0;0;Grandin
80145;Maxi Starter корм для щенков крупных пород до 2-х месяцев, беременных и кормящих сук, 4 кг;https://old.4lapy.ru/catalog/sobaki/korm-sobaki/sukhoy-korm-sobaki/korm-suhoy-royal-kanin-dlya-shchenkov-krupnyh-porod-maksi-starter-do-2-mes-mesh-4-kg.html;3457;0;0;0;0;0;0;0;Royal Canin
174045;Holistic Сухой корм для собак мелких пород, с океанической рыбой, коноплей и алое вера, 2 кг;https://old.4lapy.ru/catalog/sobaki/korm-sobaki/sukhoy-korm-sobaki/holistic-korm-sukhoy-dlya-sobak-melkikh-porod-s-okeanicheskoy-ryboy-konopley-i-aloe-vera-2kg.html;3685;0;0;0;0;0;0;0;ALLEVA
146246;WOW Сухой корм для собак мини пород с ягненком и рисом, 900 г;https://old.4lapy.ru/catalog/sobaki/korm-sobaki/sukhoy-korm-sobaki/korm-suhoy-dlya-sobak-mini-porod-s-yagnenkom-i-risom.html;649;0;0;0;0;0;0;0;AlphaPet
169455;Adult Large Сухой корм для взрослых собак крупных пород, с курицей, 3 кг;https://old.4lapy.ru/catalog/sobaki/korm-sobaki/sukhoy-korm-sobaki/korm-dlya-sobak-krupnyh-porod-kurica-3kg.html;1649;0;0;0;0;0;0;0;Aвва
147261;Adult Сухой корм для взрослых собак мелких и карликовых пород, с говядиной и рисом, 1,5 кг;https://old.4lapy.ru/catalog/sobaki/korm-sobaki/sukhoy-korm-sobaki/korm-suhoy-dlya-sobak-melkih-porod-govyadina-i-ris.html;715;0;0;0;0;0;0;0;Purina ONE®
148093;Premium Adult Сухой корм для собак крупных пород, курица, 2 кг;https://old.4lapy.ru/catalog/sobaki/korm-sobaki/sukhoy-korm-sobaki/avva-premium-suh-2kg-dlya-sobak-krupnyh-porod-kurica.html;1189;0;0;0;0;0;0;0;Aвва
82115;Medium Adult корм для взрослых собак средних пород с нормальной физической активностью, с курицей, 3 кг;https://old.4lapy.ru/catalog/sobaki/korm-sobaki/sukhoy-korm-sobaki/monge-dog-medium-korm-dlya-vzroslyh-sobak-srednih-porod-3-kg.html;2547;0;0;0;0;0;0;0;Monge
146293;Корм сухой для взрослых собак крупных пород, с индейкой и овощами, 15 кг;https://old.4lapy.ru/catalog/sobaki/korm-sobaki/sukhoy-korm-sobaki/korm-suhoy-dlya-vzroslyh-sobak-krupnyh-porod-s-indeykoy-i-ovoshchami.html;5835;0;0;0;0;0;0;0;Sirius
82175;All Breeds Adult корм для взрослых собак всех пород, с уткой, рисом и картофелем, 12 кг;https://old.4lapy.ru/catalog/sobaki/korm-sobaki/sukhoy-korm-sobaki/monge-dog-speciality-korm-dlya-sobak-vseh-porod-utka-s-risom-i-kartofelem12-kg.html;10329;0;0;0;0;0;0;0;Monge
173161;Fresh Meat Сухой корм для собак крупных и гигантских пород с курицей,3 кг;https://old.4lapy.ru/catalog/sobaki/korm-sobaki/sukhoy-korm-sobaki/fresh-meat-suhoy-korm-dlya-sobak-krupnyh-i-gigantskih-porod-s-kuricey-12-kg.html;2449;0;0;0;0;0;0;0;Grandin
45777;Duo Delice Сухой корм для взрослых собак средних и крупных пород, с высоким содержанием говядины, 2,5 кг;https://old.4lapy.ru/catalog/sobaki/korm-sobaki/sukhoy-korm-sobaki/Pro_Plan_Duo_Delice_Adult_suhoy_korm_dlya_sobak_govyadinaris.html;2079;0;0;0;0;0;0;0;PRO PLAN®
60908;Giant Starter Mother & Babydog Сухой корм для щенков до 2 месяцев, 4 кг;https://old.4lapy.ru/catalog/sobaki/korm-sobaki/sukhoy-korm-sobaki/Korm_suhoy_Royal_Kanin_dlya_shchenkov_Dgayan_starter_do_2h_mes_ochen_krupnyhporod_i_beremennyh_soba_1022056.html;2999;0;0;0;0;0;0;0;Royal Canin
46869;Everyday Nutrition Сухой корм для взрослых собак мелких и карликовых пород, с высоким содержанием курицы, 700 гр.;https://old.4lapy.ru/catalog/sobaki/korm-sobaki/sukhoy-korm-sobaki/Pro_Plan_Adult_Small_suhoy_korm_dlya_sobak_melkih_porod_kuritsaris_3_kg_1004261.html;645;0;0;0;0;0;0;0;PRO PLAN®
42421;Ageing Maxi Сухой корм для пожилых собак крупных пород старше 8 лет, 15 кг;https://old.4lapy.ru/catalog/sobaki/korm-sobaki/sukhoy-korm-sobaki/Royal_Canin_Maxi_Ageing_suhoy_korm_dlya_sobak_krupnyh_porod_starshe_8et.html;10379;0;0;0;0;0;0;0;Royal Canin
173448;Holistic Adult Maxi Сухой корм для собак крупных пород, с индейкой, 3 кг;https://old.4lapy.ru/catalog/sobaki/korm-sobaki/sukhoy-korm-sobaki/korm-suhoy-dlya-sobak-krupnyh-porod-s-indeykoy-3-kg.html;3815;0;0;0;0;0;0;0;Grandorf
146696;Mini сухой корм для собак мелких пород с лососем, рисом и горохом, 800 гр;https://old.4lapy.ru/catalog/sobaki/korm-sobaki/sukhoy-korm-sobaki/korm-suhoy-dlya-sobak-melkih-porod-s-lososem-risom-i-gorohom.html;689;0;0;0;0;0;0;0;UNICA
170040;Сухой корм для собак крупных пород, с ягненком и картофелем, 10 кг;https://old.4lapy.ru/catalog/sobaki/korm-sobaki/sukhoy-korm-sobaki/korm-suhoy-dlya-sobak-krupnyh-porod-s-yagnenkom-i-kartofelem-10kg.html;4649;6199;0;0;0;0;0;0;Мираторг
169221;Adult Large Сухой корм для собак крупных пород с индейкой, курицей, рисом и тыквой, 5 кг;https://old.4lapy.ru/catalog/sobaki/korm-sobaki/sukhoy-korm-sobaki/korm-sukhoy-dlya-sobak-krupnykh-porod-s-indeykoy-kuritsey-risom-i-tykvoy-mesh-5kg.html;3746;0;0;0;0;0;0;0;BOWL WOW
82123;Medium Puppy and Junior корм для щенков средних пород (с 2-х месяцев), с курицей, 12 кг;https://old.4lapy.ru/catalog/sobaki/korm-sobaki/sukhoy-korm-sobaki/monge-dog-medium-korm-dlya-shchenkov-srednih-porod-800g.html;9635;0;0;0;0;0;0;0;Monge
170034;Сухой корм для собак мелких пород, с ягненком и картофелем, 2,6 кг;https://old.4lapy.ru/catalog/sobaki/korm-sobaki/sukhoy-korm-sobaki/korm-suhoy-dlya-sobak-melkih-porod-s-yagnenkom-i-kartofelem-2-6kg.html;1434;2049;0;0;0;0;0;0;Мираторг
82106;Maxi Adult корм для взрослых собак крупных пород с нормальной физической активностью, с курицей, 3 кг;https://old.4lapy.ru/catalog/sobaki/korm-sobaki/sukhoy-korm-sobaki/monge-dog-maxi-korm-dlya-vzroslyh-sobak-krupnyh-porod-3-kg.html;2649;0;0;0;0;0;0;0;Monge
42310;Сухой корм для взрослых собак крупных пород, с говядиной, 13 кг;https://old.4lapy.ru/catalog/sobaki/korm-sobaki/sukhoy-korm-sobaki/Pedigree_suhoy_korm_dlya_vzroslyh_sobak_krupnyh_porod.html;4177;0;0;0;0;0;0;0;Pedigree
139890;Premium Dog Adult Large and Giant сухой корм для собак крупных и гигантских пород с курицей, 3 кг;https://old.4lapy.ru/catalog/sobaki/korm-sobaki/sukhoy-korm-sobaki/premium-dog-adult-large-and-giant-s-kuricey-dlya-vzroslyh-sobak-krupnyh-i-gigantskih-porod.html;1479;0;0;0;0;0;0;0;Brit
147263;Mini Сухой корм для взрослых собак мелких и карликовых пород, склонных к набору веса, с индейкой и рисом, 1,5 кг;https://old.4lapy.ru/catalog/sobaki/korm-sobaki/sukhoy-korm-sobaki/korm-suhoy-dlya-sobak-melkih-porod-indeyka-i-ris.html;715;0;0;0;0;0;0;0;Purina ONE®
42336;Everyday Nutrition Сухой корм для взрослых собак средних пород, с высоким содержанием курицы, 3 кг;https://old.4lapy.ru/catalog/sobaki/korm-sobaki/sukhoy-korm-sobaki/Pro_Plan_Adult_suhoy_korm_dlya_sobak_srednih_porod_kuritsaris.html;2115;0;0;0;0;0;0;0;PRO PLAN®
44104;Premium Fresh Meat Adult Сухой корм для собак всех пород старше 1 года, с ягненком и рисом, 12 кг;https://old.4lapy.ru/catalog/sobaki/korm-sobaki/sukhoy-korm-sobaki/Avva_Premium_Fresh_Meat_suhoy_korm_dlya_sobak_vseh_porod_yagnenokris.html;5689;0;0;0;0;0;0;0;Aвва
98480;Mini Dermacomfort сухой корм для собак маленьких пород, склонных к кожным раздражениям и зуду, 1кг;https://old.4lapy.ru/catalog/sobaki/korm-sobaki/sukhoy-korm-sobaki/korm-suhoy-dlya-sobak-mini-porod-dermakmfort.html;1235;0;0;0;0;0;0;0;Royal Canin
31756;Bulldog Adult корм для английских бульдогов старше 12 месяцев, 3 кг;https://old.4lapy.ru/catalog/sobaki/korm-sobaki/sukhoy-korm-sobaki/Korm_dlya_sobak_Royal_Kanin_Buldog_24_Edalt.html;2817;0;0;0;0;0;0;0;Royal Canin
148354;Premium Сухой корм для собак мелких пород, индейка с овощами, 400 гр.;https://old.4lapy.ru/catalog/sobaki/korm-sobaki/sukhoy-korm-sobaki/korm-dlya-sobak-melkih-porod-indeyka-s-ovoshchami-400-g.html;199;0;0;0;0;0;0;0;DELICANA
169208;Adult Small Cухой корм для собак мелких пород с индейкой, рисом и розмарином, 800 гр.;https://old.4lapy.ru/catalog/sobaki/korm-sobaki/sukhoy-korm-sobaki/korm-suhoy-dlya-sobak-melkih-porod-s-indeykoy-risom-i-rozmarinom-pak-0-8kg.html;686;0;0;0;0;0;0;0;BOWL WOW
104661;Science Plan Сухой корм для щенков средних пород для поддержания сильного иммунитета, с ягненком и рисом, 2,5 кг;https://old.4lapy.ru/catalog/sobaki/korm-sobaki/sukhoy-korm-sobaki/Hills_suhoy_korm_dlya_shchenkov_i_beremennyh_sobak_yagnenokris.html;2600;0;0;0;0;0;0;0;Hill's
42399;Labrador Retriever Puppy 33 Сухой корм для щенков породы лабрадор-ретривет в возрасте до 15 месяцев, 3 кг;https://old.4lapy.ru/catalog/sobaki/korm-sobaki/sukhoy-korm-sobaki/Royal_Canin_33_Junior_suhoy_korm_dlya_shchenkov_porodyabrador_Retriver.html;2909;0;0;0;0;0;0;0;Royal Canin
146263;Сухой корм для щенков крупных пород с говядиной, 3 кг;https://old.4lapy.ru/catalog/sobaki/korm-sobaki/sukhoy-korm-sobaki/korm-suhoy-dlya-shchenkov-krupnyh-porod-s-govyadinoy.html;2669;0;0;0;0;0;0;0;AlphaPet
146291;Корм сухой для взрослых собак, с ягненком и рисом, 2 кг;https://old.4lapy.ru/catalog/sobaki/korm-sobaki/sukhoy-korm-sobaki/korm-suhoy-dlya-vzroslyh-sobak-s-yagnenkom-i-risom1.html;1025;0;0;0;0;0;0;0;Sirius
42389;Dachshund Adult Сухой корм для собак породы такса старше 10 месяцев, 1,5 кг;https://old.4lapy.ru/catalog/sobaki/korm-sobaki/sukhoy-korm-sobaki/Royal_Canin_Dachshund_28_Adult_suhoy_korm_dlya_sobak_porody_Taksa.html;1609;0;0;0;0;0;0;0;Royal Canin
147012;Adult Mini Equilibrium сухой корм для собак мелких пород с ягненком, 2 кг;https://old.4lapy.ru/catalog/sobaki/korm-sobaki/sukhoy-korm-sobaki/korm-suhoy-dlya-sobak-melkih-porod-s-yagnenkom1.html;1129;0;0;0;0;0;0;0;UNICA
31684;Каша моментальная для собак Княжеская, 300 гр.;https://old.4lapy.ru/catalog/sobaki/korm-sobaki/sukhoy-korm-sobaki/Korm_suhoy_dlya_sobak_Gurman_Momentalnaya_kasha_Knyageskaya_grechkaris_bn_300g_1019336.html;225;0;0;0;0;0;0;0;Четвероногий Гурман
146243;WOW Сухой корм для собак мини пород с индейкой и рисом, 500 г;https://old.4lapy.ru/catalog/sobaki/korm-sobaki/sukhoy-korm-sobaki/korm-suhoy-dlya-sobak-mini-porod-s-indeykoy-i-risom.html;329;0;0;0;0;0;0;0;AlphaPet
104647;Science Plan Сухой корм для взрослых собак крупных пород для поддержания здоровья суставов и мышечной массы, с курицей, 2,5 кг;https://old.4lapy.ru/catalog/sobaki/korm-sobaki/sukhoy-korm-sobaki/Hills_suhoy_korm_dlya_sobak_krupnyh_porod_kuritsey.html;2737;0;0;0;0;0;0;0;Hill's
79972;Medium Dermacomfort корм для собак средних пород, склонных к кожным раздражениям, 3 кг;https://old.4lapy.ru/catalog/sobaki/korm-sobaki/sukhoy-korm-sobaki/korm-suhoy-royal-kanin-dlya-sobak-medium-derma-komfort-mesh-10-kg.html;2999;0;0;0;0;0;0;0;Royal Canin
174047;Holistic Сухой корм для собак мелких пород, с ягненком и олениной, коноплей и женьшенем, 2 кг;https://old.4lapy.ru/catalog/sobaki/korm-sobaki/sukhoy-korm-sobaki/holistic-korm-sukhoy-dlya-sobak-melkikh-porod-s-yagnenkom-i-oleninoy-konopley-i-zhenshenem-2kg.html;3479;0;0;0;0;0;0;0;ALLEVA
86924;Giant Adult 28 Сухой корм для взрослых собак гигантских пород от 18-24 месяцев и старше, 4 кг;https://old.4lapy.ru/catalog/sobaki/korm-sobaki/sukhoy-korm-sobaki/Royal_Canin_Giant_Adult_28_suhoy_korm_dlya_sobak_ochen_krupnyh_porod_15_kg_1000618.html;2647;0;0;0;0;0;0;0;Royal Canin
164074;Care Sensitive Сухой корм для собак, с морской рыбой и индейкой, 1,5 кг;https://old.4lapy.ru/catalog/sobaki/korm-sobaki/sukhoy-korm-sobaki/korm-suhoy-dlya-vzroslyh-sobak-s-morskoy-ryboy-i-indeykoy-1-5kg.html;1499;0;0;0;0;0;0;0;Brit
60896;Digestive Care корм сухой для собак средних пород с чувствительным пищеварением, 3 кг;https://old.4lapy.ru/catalog/sobaki/korm-sobaki/sukhoy-korm-sobaki/Korm_suhoy_Royal_Kanin_dlya_sobak_srednih_porod_Daydgestiv_s_myasom_ptitsy.html;2999;0;0;0;0;0;0;0;Royal Canin
170030;Extra Meat Сухой корм для собак средних пород, с говядиной black angus, 10 кг;https://old.4lapy.ru/catalog/sobaki/korm-sobaki/sukhoy-korm-sobaki/korm-suhoy-dlya-sobak-srednih-porod-s-govyadinoy-black-angus-10kg.html;3509;3899;0;0;0;0;0;0;Мираторг
42304;Сухой корм для собак крупных пород старше 1 года, с цыпленком, 3 кг;https://old.4lapy.ru/catalog/sobaki/korm-sobaki/sukhoy-korm-sobaki/Nasha_Marka_suhoy_korm_dlya_sobak_krupnyh_porod_s_tsyplenkom.html;735;0;0;0;0;0;0;0;Наша Марка
80006;Maxi Adult 5+ Сухой корм для собак крупных пород с 5 до 8 лет, 4 кг;https://old.4lapy.ru/catalog/sobaki/korm-sobaki/sukhoy-korm-sobaki/korm-suhoy-royal-kanin-dlya-sobak-krupnyh-porod-ot-5-let-mesh-4-kg.html;3185;0;0;0;0;0;0;0;Royal Canin
45748;Adult Small Breed Сухой корм для собак мелких пород старше 1 года, с курицей, 3 кг;https://old.4lapy.ru/catalog/sobaki/korm-sobaki/sukhoy-korm-sobaki/Korm_dlya_sobak_melkih_porod_s_kuritsey_Eukanuba_Edaltoll_s_kuritsey.html;1927;0;0;0;0;0;0;0;Eukanuba
42353;Everyday Nutrition Сухой корм для взрослых собак крупных пород с мощным телосложением, с высоким содержанием курицы, 14 кг;https://old.4lapy.ru/catalog/sobaki/korm-sobaki/sukhoy-korm-sobaki/Pro_Plan_Adultarge_suhoy_korm_dlya_sobak_krupnyh_porod_kuritsaris.html;7535;0;0;0;0;0;0;0;PRO PLAN®
42314;Сухой корм для взрослых собак маленьких пород, с говядиной, 2,2 кг;https://old.4lapy.ru/catalog/sobaki/korm-sobaki/sukhoy-korm-sobaki/Pedigree_suhoy_korm_dlya_vzroslyh_sobak_melkih_porod_govyadina.html;775;0;0;0;0;0;0;0;Pedigree
147014;Adult Mini Sensitive сухой корм для собак мелких пород с тунцом, 2 кг;https://old.4lapy.ru/catalog/sobaki/korm-sobaki/sukhoy-korm-sobaki/korm-suhoy-dlya-sobak-melkih-porod-s-tuncom.html;1179;0;0;0;0;0;0;0;UNICA
174178;Regional Forest Сухой корм для собак, с кабаном, 2 кг;https://old.4lapy.ru/catalog/sobaki/korm-sobaki/sukhoy-korm-sobaki/regional-forest-suhoy-korm-dlya-sobak-s-kabanom-12-kg.html;1949;0;0;0;0;0;0;0;Dog & Dog Wild
42301;Large Breed Adult Сухой корм для собак крупных и очень крупных пород старше 1 года, с курицей, 15 кг;https://old.4lapy.ru/catalog/sobaki/korm-sobaki/sukhoy-korm-sobaki/Eukanuba_Adultarge_suhoy_korm_dlya_sobak_krupnyh_porod_kuritsa.html;6889;0;0;0;0;0;0;0;Eukanuba
146287;Корм сухой для взрослых собак малых пород, с говядиной, 2 кг;https://old.4lapy.ru/catalog/sobaki/korm-sobaki/sukhoy-korm-sobaki/korm-suhoy-dlya-vzroslyh-sobak-malyh-porod-s-govyadinoy.html;1025;0;0;0;0;0;0;0;Sirius
80010;Maxi Digestive Care корм для собак с чувствительной пищеварительной системой, 3 кг;https://old.4lapy.ru/catalog/sobaki/korm-sobaki/sukhoy-korm-sobaki/korm-suhoy-royal-kanin-dlya-sobak-krupnyh-porod-daydzhestiv-kea-mesh-15-kg.html;2965;0;0;0;0;0;0;0;Royal Canin
42312;Сухой корм для щенков всех пород с 2 месяцев, с курицей, 13 кг;https://old.4lapy.ru/catalog/sobaki/korm-sobaki/sukhoy-korm-sobaki/Pedigree_suhoy_korm_dlya_shchenkov_vseh_porod.html;4155;0;0;0;0;0;0;0;Pedigree
157371;Adult Сухой корм для взрослых собак средних и крупных пород, с ягненком и рисом, 10 кг;https://old.4lapy.ru/catalog/sobaki/korm-sobaki/sukhoy-korm-sobaki/korm-suhoy-dlya-sobak-srednih-i-krupnyh-porod-s-yagnenkom-i-risom-mesh-10kg.html;4525;0;0;0;0;0;0;0;Purina ONE®
157369;Adult Сухой корм для взрослых собак средних и крупных пород, с говядиной и рисом, 3,8 кг;https://old.4lapy.ru/catalog/sobaki/korm-sobaki/sukhoy-korm-sobaki/korm-suhoy-dlya-sobak-srednih-i-krupnyh-porod-s-govyadinoy-i-risom-pak-3-8kg.html;1915;0;0;0;0;0;0;0;Purina ONE®
169210;Adult Medium Cухой корм для собак средних пород с индейкой, рисом и яблоком, 2 кг;https://old.4lapy.ru/catalog/sobaki/korm-sobaki/sukhoy-korm-sobaki/korm-suhoy-dlya-sobak-srednih-porod-s-indeykoy-risom-i-yablokom-pak-2kg.html;1694;0;0;0;0;0;0;0;BOWL WOW
60864;Miniature Schnauzer Adult корм для собак породы миниатюрный шнауцер старше 10 месяцев, 3 кг;https://old.4lapy.ru/catalog/sobaki/korm-sobaki/sukhoy-korm-sobaki/korm-suhoy-dlya-sobak-royal-kanin-miniatyurnyy-shnaucer-mesh-7-5-kg.html;3179;0;0;0;0;0;0;0;Royal Canin
146289;Корм сухой для взрослых собак малых пород, с индейкой, 2 кг;https://old.4lapy.ru/catalog/sobaki/korm-sobaki/sukhoy-korm-sobaki/korm-suhoy-dlya-vzroslyh-sobak-malyh-porod-s-indeykoy.html;1025;0;0;0;0;0;0;0;Sirius
42292;Сухой корм (хлопья моментального приготовления) для собак всех пород, гречневые с морковью, 400 гр.;https://old.4lapy.ru/catalog/sobaki/korm-sobaki/sukhoy-korm-sobaki/Korm_dlya_sobak_Gurman_kasha_grechka_s_ovoshchami.html;223;0;0;0;0;0;0;0;Четвероногий Гурман
45751;Breed Specific Adult Сухой корм для собак породы йоркширский терьер старше 1 года, 1 кг;https://old.4lapy.ru/catalog/sobaki/korm-sobaki/sukhoy-korm-sobaki/Eukanuba_suhoy_korm_dlya_sobak_porody_Yorkshirskiy_Terer_kuritsa.html;997;0;0;0;0;0;0;0;Eukanuba
174100;Classe Сухой корм для собак всех пород с чувствительным пищеварением, с ягненком, 3 кг;https://old.4lapy.ru/catalog/sobaki/korm-sobaki/sukhoy-korm-sobaki/classe-korm-dlya-vzroslyh-sobak-vseh-porod-s-chuvstvitelnym-pishchevareniem-3kg.html;1749;0;0;0;0;0;0;0;UNICA
155709;Acti protect Сухой корм для взрослых собак мелких и карликовых пород с чувствительной кожей, с лососем, 3 кг;https://old.4lapy.ru/catalog/sobaki/korm-sobaki/sukhoy-korm-sobaki/sukhoy-korm-acti-protect-dlya-vzroslykh-sobak-melkikh-i-karlikovykh-porod-s-chuvstvitelnoy-kozhey-s-vysokim-soderzhaniem-lososya-3kg.html;2148;3069;0;0;0;0;0;0;PRO PLAN®
140902;Extra Meat Корм сухой для собак крупных пород с говядиной Black Angus10кг;https://old.4lapy.ru/catalog/sobaki/korm-sobaki/sukhoy-korm-sobaki/korm-suhoy-dlya-sobak-krupnyh-porod-s-govyadinoy-black-angus1.html;3509;3899;0;0;0;0;0;0;Мираторг
142915;Premium Сухой корм для собак средних пород, с говядиной, 2 кг;https://old.4lapy.ru/catalog/sobaki/korm-sobaki/sukhoy-korm-sobaki/korm-dlya-sobak-srednih-porod-s-govyadinoy.html;739;0;0;0;0;0;0;0;DELICANA
174102;Natura Сухой корм для собак крупных пород с олениной, рисом и морковью ,2,5 кг;https://old.4lapy.ru/catalog/sobaki/korm-sobaki/sukhoy-korm-sobaki/natura-korm-suhoy-dlya-sobak-krupnyh-porod-s-oleninoy-risom-i-morkovyu-2-5-kg.html;1749;0;0;0;0;0;0;0;UNICA
82110;Maxi Puppy and Junior корм для щенков крупных пород, с курицей, 12 кг;https://old.4lapy.ru/catalog/sobaki/korm-sobaki/sukhoy-korm-sobaki/monge-dog-maxi-korm-dlya-shchenkov-krupnyh-porod-3-kg.html;9509;0;0;0;0;0;0;0;Monge
142917;Premium Сухой корм для собак средних пород, лосось с рисом, 2 кг;https://old.4lapy.ru/catalog/sobaki/korm-sobaki/sukhoy-korm-sobaki/korm-dlya-sobak-srednih-porod-losos-s-risom.html;849;0;0;0;0;0;0;0;DELICANA
42294;Сухой корм (хлопья моментального приготовления) для собак всех пород, рисовые с морковью, 400 гр.;https://old.4lapy.ru/catalog/sobaki/korm-sobaki/sukhoy-korm-sobaki/Korm_dlya_sobak_Gurman_kasha_ris_s_ovoshchami.html;175;0;0;0;0;0;0;0;Четвероногий Гурман
46832;Adult Toy Breed Сухой корм для собак миниатюрных пород старше 1 года, с курицей, 500 гр.;https://old.4lapy.ru/catalog/sobaki/korm-sobaki/sukhoy-korm-sobaki/Eukanuba_suhoy_korm_dlya_vzroslyh_sobak_miniatyurnyh_porod_500_g_1015384.html;417;0;0;0;0;0;0;0;Eukanuba
146589;Mini XS Japan сухой корм для мелких собак с чувствительным пищеварением1,3 кг;https://old.4lapy.ru/catalog/sobaki/korm-sobaki/sukhoy-korm-sobaki/supreme-mini-xs-japan-suhoy-korm-dlya-melkih-sobak-s-chuvstvitelnym-pishchevareniem-0-3kg.html;1349;0;0;0;0;0;0;0;Happy Dog
164177;Dog Grain Free Сухой корм беззерновой для взрослых собак средних пород, с цыпленком и чечевицей, 2,5 кг;https://old.4lapy.ru/catalog/sobaki/korm-sobaki/sukhoy-korm-sobaki/dog-grain-free-sukhoy-korm-bezzernovoy-dlya-vzroslykh-sobak-srednikh-porod-tsyplenok-i-chechevitsa-2-5-kg.html;2909;0;0;0;0;0;0;0;Guabi Natural
157373;Сухой корм для взрослых собак средних и крупных пород, с ягненком и рисом, 3,8 кг;https://old.4lapy.ru/catalog/sobaki/korm-sobaki/sukhoy-korm-sobaki/korm-suhoy-dlya-sobak-srednih-i-krupnyh-porod-s-yagnenkom-i-risom-pak-3-8kg.html;1915;0;0;0;0;0;0;0;Purina ONE®
148356;Premium Сухой корм для собак мелких пород, курица с овощами, 400 гр.;https://old.4lapy.ru/catalog/sobaki/korm-sobaki/sukhoy-korm-sobaki/korm-dlya-sobak-melkih-porod-kurica-s-ovoshchami-400-g.html;243;0;0;0;0;0;0;0;DELICANA
145557;Small Adult Сухой корм для взрослых собак мелких и миниатюрных пород ягненок 0,8кг;https://old.4lapy.ru/catalog/sobaki/korm-sobaki/sukhoy-korm-sobaki/korm-suhoy-dlya-sobak-melkih-porod-s-yagnenkom.html;420;0;0;0;0;0;0;0;Grand Prix
42352;Everyday Nutrition Сухой корм для взрослых собак крупных пород с атлетическим телосложением, с высоким содержанием курицы, 14 кг;https://old.4lapy.ru/catalog/sobaki/korm-sobaki/sukhoy-korm-sobaki/Korm_dlya_sobak_krup_porod_kurri__Proplan_pak__3kg_1007080.html;8249;0;0;0;0;0;0;0;PRO PLAN®
42423;Mini Indoor Adult, Сухой корм для взрослых собак в возрасте от 10 месяцев, 500 гр.;https://old.4lapy.ru/catalog/sobaki/korm-sobaki/sukhoy-korm-sobaki/Royal_Canin_suhoy_korm_dlya_vzroslyh_sobak_v_vozraste_ot_10_mesyatsev_do_8let.html;589;0;0;0;0;0;0;0;Royal Canin
142909;Premium Сухой корм для собак мелких пород, говядина с овощами, 400 гр.;https://old.4lapy.ru/catalog/sobaki/korm-sobaki/sukhoy-korm-sobaki/korm-dlya-sobak-melkih-porod-govyadina-s-ovoshchami.html;239;0;0;0;0;0;0;0;DELICANA
142911;Premium Сухой корм для собак мелких пород, лосось с рисом, 400 гр.;https://old.4lapy.ru/catalog/sobaki/korm-sobaki/sukhoy-korm-sobaki/korm-dlya-sobak-melkih-porod-losos-s-risom.html;275;0;0;0;0;0;0;0;DELICANA
168858;Opti-Select Сухой корм для собак, с ягненком, 3 кг;https://old.4lapy.ru/catalog/sobaki/korm-sobaki/sukhoy-korm-sobaki/opti-select-korm-suhoy-dlya-sobak-s-yagnenkom-14kg.html;1169;1799;0;0;0;0;0;0;Dog&Dog
50525;Rottweiler Adult корм для ротвейлеров старше 18 месяцев, 12 кг;https://old.4lapy.ru/catalog/sobaki/korm-sobaki/sukhoy-korm-sobaki/Rotveyler_12_kg__Korm_dlya_vzroslyh_sobak_porody_rotveyler_ot_18_mesyatsev__1016248.html;9707;0;0;0;0;0;0;0;Royal Canin
42398;Labrador Retriever 30 Adult Сухой корм для собак породы лабрадор-ретривер старше 15 месяцев, 3 кг;https://old.4lapy.ru/catalog/sobaki/korm-sobaki/sukhoy-korm-sobaki/Royal_Canin_Adult_suhoy_korm_dlya_sobak_porodyabrador_Retriver.html;2757;0;0;0;0;0;0;0;Royal Canin
145563;Корм сухой для собак средних пород с ягненком 2,5 кг;https://old.4lapy.ru/catalog/sobaki/korm-sobaki/sukhoy-korm-sobaki/korm-suhoy-dlya-sobak-srednih-porod-s-yagnenkom.html;1196;0;0;0;0;0;0;0;Grand Prix
145553;Small Adult Сухой корм с курицей для взрослых собак мелких пород, 0,8 кг;https://old.4lapy.ru/catalog/sobaki/korm-sobaki/sukhoy-korm-sobaki/korm-suhoy-dlya-sobak-melkih-porod-s-kuricey.html;499;0;0;0;0;0;0;0;Grand Prix
98484;Maxi Dermacomfort сухой корм для собак крупных пород, склонных к кожным раздражениям и зуду, 10кг;https://old.4lapy.ru/catalog/sobaki/korm-sobaki/sukhoy-korm-sobaki/korm-suhoy-dlya-sobak-krupnyh-porod-derma-komfort.html;8999;0;0;0;0;0;0;0;Royal Canin
148360;Premium Сухой корм для собак средних пород, индейка с овощами, 2 кг;https://old.4lapy.ru/catalog/sobaki/korm-sobaki/sukhoy-korm-sobaki/korm-dlya-sobak-srednikh-porod-indeyka-s-ovoshchami-2-kg.html;790;929;0;0;0;0;0;0;DELICANA
31746;Healthy Start Сухой корм для щенков крупных пород с мощным телосложением, с высоким содержанием курицы, 12 кг;https://old.4lapy.ru/catalog/sobaki/korm-sobaki/sukhoy-korm-sobaki/Pro_Plan_Puppyarge_suhoy_korm_dlya_shchenkov_krupnyh_porod_kuritsaris.html;8089;0;0;0;0;0;0;0;PRO PLAN®
145567;Корм сухой для собак крупных пород с ягненком, 2.5 кг;https://old.4lapy.ru/catalog/sobaki/korm-sobaki/sukhoy-korm-sobaki/korm-suhoy-dlya-sobak-krupnyh-porod-s-yagnenkom.html;1196;0;0;0;0;0;0;0;Grand Prix
168864;Top-Fish Сухой корм для собак, с тунцом, 3 кг;https://old.4lapy.ru/catalog/sobaki/korm-sobaki/sukhoy-korm-sobaki/top-fish-korm-suhoy-dlya-sobak-s-tuncom-14kg.html;1169;1799;0;0;0;0;0;0;Dog&Dog
79634;Cocker Adult Сухой корм для собак породы кокер-спаниель от 12 месяцев, 3 кг;https://old.4lapy.ru/catalog/sobaki/korm-sobaki/sukhoy-korm-sobaki/korm-suhoy-dlya-sobak-royal-kanin-koker-pak-3-kg.html;2817;0;0;0;0;0;0;0;Royal Canin
76262;Medium Starter Сухой корм для щенков до 2-х месяцев для беременных и кормящих сук, 12 кг;https://old.4lapy.ru/catalog/sobaki/korm-sobaki/sukhoy-korm-sobaki/korm-suhoy-dlya-sobak-royal-kanin-medium-starter-mesh-4-kg.html;9599;0;0;0;0;0;0;0;Royal Canin
76863;Lamb and Rice Сухой корм для взрослых собак всех пород, с ягненком и рисом, 10 кг;https://old.4lapy.ru/catalog/sobaki/korm-sobaki/sukhoy-korm-sobaki/trapeza-suh-10kg-d-sobak-yagnenok-ris.html;2645;0;0;0;0;0;0;0;Трапеза
49202;Bio Сухой корм для взрослых собак всех пород с нормальной активностью, 10 кг;https://old.4lapy.ru/catalog/sobaki/korm-sobaki/sukhoy-korm-sobaki/Trapeza_suh__10kg_Dsobak_Bio_1022650.html;2159;0;0;0;0;0;0;0;Трапеза
169212;Adult Medium Cухой корм для собак средних пород с индейкой, курицей, рисом и свеклой, 2 кг;https://old.4lapy.ru/catalog/sobaki/korm-sobaki/sukhoy-korm-sobaki/korm-suhoy-dlya-sobak-srednih-porod-s-indeykoy-kuricey-risom-i-svekloy-pak-2kg.html;1694;0;0;0;0;0;0;0;BOWL WOW
80016;Maxi Dermacomfort Сухой корм для собак склонных к кожным раздражениям и зуду, 3 кг;https://old.4lapy.ru/catalog/sobaki/korm-sobaki/sukhoy-korm-sobaki/korm-suhoy-royal-kanin-dlya-sobak-krupnyh-porod-derma-komfort-pak-3-kg.html;2965;0;0;0;0;0;0;0;Royal Canin
60860;German Shepherd Junior Сухой корм для щенков немецких овчарок младше 15 месяцев, 12 кг;https://old.4lapy.ru/catalog/sobaki/korm-sobaki/sukhoy-korm-sobaki/Korm_dlya_shchenkov_porody_nemetskaya_ovcharka_Royal_Kanin_Dgerman_SHeferd_24_mesh__12kg_1001807.html;9999;0;0;0;0;0;0;0;Royal Canin
157375;Adult Сухой корм для взрослых собак средних и крупных пород, с курицей и рисом, 10 кг;https://old.4lapy.ru/catalog/sobaki/korm-sobaki/sukhoy-korm-sobaki/korm-suhoy-dlya-sobak-s-kuricey-i-risom-mesh-10kg.html;4525;0;0;0;0;0;0;0;Purina ONE®
169480;Сухой корм для собак мелких и миниатюрных пород, с курицей, 1,2 кг;https://old.4lapy.ru/catalog/sobaki/korm-sobaki/sukhoy-korm-sobaki/korm-suhoy-dlya-sobak-melkih-i-miniatyurnyh-porod-s-kuricey-1-2kg.html;482;689;0;0;0;0;0;0;Perfect Fit
174106;Mono All Breed Сухой корм для собак всех пород, с гусем, 2,5 кг;https://old.4lapy.ru/catalog/sobaki/korm-sobaki/sukhoy-korm-sobaki/natura-mono-korm-suhoy-dlya-sobak-vseh-porod-s-gusem-2-5-kg.html;1749;0;0;0;0;0;0;0;UNICA
169478;Сухой корм для собак мелких и миниатюрных пород, с курицей, 500 гр.;https://old.4lapy.ru/catalog/sobaki/korm-sobaki/sukhoy-korm-sobaki/korm-suhoy-dlya-sobak-melkih-i-miniatyurnyh-porod-s-kuricey-500g.html;258;369;0;0;0;0;0;0;Perfect Fit
168861;Super-Power Сухой корм для собак, с курицей, 3 кг;https://old.4lapy.ru/catalog/sobaki/korm-sobaki/sukhoy-korm-sobaki/super-power-korm-suhoy-dlya-sobak-s-kuricey-14kg.html;1169;1799;0;0;0;0;0;0;Dog&Dog
106766;Сухой корм для щенков крупных пород, с цыпленком и рисом, 18 кг;https://old.4lapy.ru/catalog/sobaki/korm-sobaki/sukhoy-korm-sobaki/korm-dlya-shchenkov-krupnyh-porod-s-cyplenkom.html;4449;0;0;0;0;0;0;0;Наша Марка
49198;Optimal Сухой корм для взрослых собак всех пород живущих в городских условиях, 10 кг;https://old.4lapy.ru/catalog/sobaki/korm-sobaki/sukhoy-korm-sobaki/Trapeza_suh__10kg_Dsobak_Optimal_1022651.html;2085;0;0;0;0;0;0;0;Трапеза
50512;Junior Сухой корм для щенков породы ротвейлер в возрасте от 2 до 10 мес, 12 кг;https://old.4lapy.ru/catalog/sobaki/korm-sobaki/sukhoy-korm-sobaki/Royal_Kanin_suh__Rotveyler_YUnior_12_kg_Pitanie_dlya_shchenkov_porodyRotveyler_v_vozraste_ot_2_do_10_1015821.html;9905;0;0;0;0;0;0;0;Royal Canin
148362;Premium Сухой корм для собак средних пород, курица с овощами, 2 кг;https://old.4lapy.ru/catalog/sobaki/korm-sobaki/sukhoy-korm-sobaki/korm-dlya-sobak-srednikh-porod-kuritsa-s-ovoshchami-2-kg.html;773;909;0;0;0;0;0;0;DELICANA
43595;Premium Adult Large Сухой корм для собак крупных пород старше 1 года, с курицей, 3 кг;https://old.4lapy.ru/catalog/sobaki/korm-sobaki/sukhoy-korm-sobaki/Avva_Premium_suhoy_korm_dlya_sobak_krupnyh_porod_kuritsa.html;1679;0;0;0;0;0;0;0;Aвва
153898;Корм сухой для собак средних и крупных пород, с ягненком и индейкой, 10 кг;https://old.4lapy.ru/catalog/sobaki/korm-sobaki/sukhoy-korm-sobaki/korm-suhoy-dlya-sobak-s-yagnenkom-i-indeykoy.html;9825;0;0;0;0;0;0;0;Grandorf
166055;Limited Edition Monoprotein Сухой корм для собак, с индейкой, 800 гр.;https://old.4lapy.ru/catalog/sobaki/korm-sobaki/sukhoy-korm-sobaki/small-adult-korm-dlya-sobak-s-indeykoy-monoprotein-limited-edition-800g.html;436;545;0;0;0;0;0;0;Grand Prix
170038;Сухой корм для собак средних пород, с ягненком и картофелем, 10 кг;https://old.4lapy.ru/catalog/sobaki/korm-sobaki/sukhoy-korm-sobaki/korm-suhoy-dlya-sobak-srednih-porod-s-yagnenkom-i-kartofelem-10kg.html;5439;6799;0;0;0;0;0;0;Мираторг
60861;German Shepherd Adult корм для немецких овчарок старше 15 месяцев, 3 кг;https://old.4lapy.ru/catalog/sobaki/korm-sobaki/sukhoy-korm-sobaki/Korm_dlya_sobak_porody_nemetskaya_ovcharka_Royal_Kanin_Dgerman_SHeferd_24_Edalt.html;2757;0;0;0;0;0;0;0;Royal Canin
50523;German Shepherd Junior корм для щенков немецкой овчарки до 15 месяцев, 3 кг;https://old.4lapy.ru/catalog/sobaki/korm-sobaki/sukhoy-korm-sobaki/Korm_dlya_sobak_posednevnyy_Nemetskaya_Ovcharka_YUniormesh__3_kg_1016245.html;2779;0;0;0;0;0;0;0;Royal Canin
98492;Maxi Joint Care Cухой корм для собак крупных пород с повышенной чувствительностью суставов, 10 кг;https://old.4lapy.ru/catalog/sobaki/korm-sobaki/sukhoy-korm-sobaki/korm-suhoy-dlya-sobak-krupnyh-porod-dzhoynt-kea.html;8999;0;0;0;0;0;0;0;Royal Canin
157377;Сухой корм для взрослых собак средних и крупных пород, с курицей и рисом, 3,8 кг;https://old.4lapy.ru/catalog/sobaki/korm-sobaki/sukhoy-korm-sobaki/korm-suhoy-dlya-sobak-s-kuricey-i-risom-pak-3-8kg.html;1915;0;0;0;0;0;0;0;Purina ONE®
79639;Golden Retriever Adult корм для голден ретриверов старше 15 месяцев, 3 кг;https://old.4lapy.ru/catalog/sobaki/korm-sobaki/sukhoy-korm-sobaki/korm-suhoy-dlya-sobak-royal-kanin-golden-retriver-pak-3-kg.html;2757;0;0;0;0;0;0;0;Royal Canin
164082;Care Adult Сухой корм для собак крупных пород, с индейкой и уткой, 12 кг;https://old.4lapy.ru/catalog/sobaki/korm-sobaki/sukhoy-korm-sobaki/korm-suhoy-dlya-sobak-krupnyh-porod-s-indeykoy-i-utkoy-3kg.html;9459;0;0;0;0;0;0;0;Brit
147257;Сухой корм для взрослых собак средних и крупных пород, с говядиной и рисом, 10 кг;https://old.4lapy.ru/catalog/sobaki/korm-sobaki/sukhoy-korm-sobaki/korm-suhoy-dlya-sobak-srednih-i-krupnyh-porod-govyadina-i-ris.html;4525;0;0;0;0;0;0;0;Purina ONE®
170036;Сухой корм для собак средних пород, с ягненком и картофелем, 2,6 кг;https://old.4lapy.ru/catalog/sobaki/korm-sobaki/sukhoy-korm-sobaki/korm-suhoy-dlya-sobak-srednih-porod-s-yagnenkom-i-kartofelem-2-6kg.html;1469;2099;0;0;0;0;0;0;Мираторг
